{
    "mean_plddt": 0.7792133092880249,
    "pae_chain0_0": 10.142866134643555
}