{
    "mean_plddt": 0.86431485414505,
    "pae_chain0_0": 3.505373001098633
}