{
    "mean_plddt": 0.7769021391868591,
    "pae_chain0_0": 10.622698783874512
}