{
    "mean_plddt": 0.705694854259491,
    "pae_chain0_0": 13.353799819946289
}