{
    "mean_plddt": 0.6410388350486755,
    "pae_chain0_0": 6.177123546600342
}